<?xml version="1.0" encoding="utf-8"?>
<!--  res/drawable/rounded_edittext.xml -->
<selector xmlns:android="http://schemas.android.com/apk/res/android">

    <item android:state_pressed="true" >
        <shape
            android:shape="rectangle" android:padding="10dp">
			<gradient android:angle="-90"
                android:startColor="@color/gradient_start"
                android:centerColor="@color/gradient_center"
                android:endColor="@color/gradient_end"/>


			<corners
				android:radius="6dp"/>
        </shape>
    </item>




	<item>

		<shape
			android:shape="rectangle" android:padding="10dp">
			<gradient android:angle="-90"
                android:startColor="@color/gradient_start"
                android:centerColor="@color/gradient_center"
                android:endColor="@color/gradient_end"/>

			<corners
				android:radius="6dp"/>
		</shape>


	</item>
</selector>