<?xml version="1.0" encoding="utf-8"?>
<!--  res/drawable/rounded_edittext.xml -->
<selector xmlns:android="http://schemas.android.com/apk/res/android">

    <item android:state_pressed="true" >
        <shape
            android:shape="rectangle" android:padding="10dp">


			<solid android:color="#ffffff"/>
			<corners
				android:radius="6dp"/>
        </shape>
    </item>




	<item>

		<shape
			android:shape="rectangle" android:padding="10dp">
			<solid android:color="#ffffff"/>

			<corners
				android:radius="6dp"/>
		</shape>


	</item>
</selector>