<?xml version="1.0" encoding="utf-8"?>
<!--  res/drawable/rounded_edittext.xml -->
<selector xmlns:android="http://schemas.android.com/apk/res/android">

    <item android:state_pressed="true" >
        <shape
            android:shape="oval" android:padding="10dp">
            <solid android:color="#B4B4B4"/>



        </shape>
    </item>


	<item>

		<shape android:padding="10dp" android:shape="oval">
            <solid android:color="#B4B4B4"/>


		</shape>


	</item>
</selector>