<?xml version="1.0" encoding="utf-8"?>
<!--  res/drawable/rounded_edittext.xml -->
<selector xmlns:android="http://schemas.android.com/apk/res/android">

    <item android:state_pressed="true" >
        <shape
            android:shape="oval" android:padding="10dp">
            <solid android:color="@color/btn_dark_gray_pressed"/>



        </shape>
    </item>


	<item>

		<shape android:padding="10dp" android:shape="oval">
			<solid android:color="@color/object_gray" />


		</shape>


	</item>
</selector>